,City,Country,Latitude,Longitude,Max Temp,Humidity,Cloudiness,Wind Speed,Date
0,Belushya Guba,RU,,,,,,,
1,Toliary,MG,,,,,,,
2,Ellensburg,US,47.0,-120.55,46,74,93,5.01,1612573175
3,Blagoveshchenka,RU,52.83,79.87,29.43,99,100,6.46,1612573185
4,Nikolskoye,RU,59.7,30.79,12,78,75,11.18,1612572709
5,Saskylakh,RU,71.92,114.08,-31.31,83,78,5.37,1612572761
6,Rocha,UY,-34.48,-54.33,58.53,87,0,5.55,1612572783
7,Vila Velha,BR,-20.33,-40.29,82.4,74,75,9.22,1612573185
8,Bassila,BJ,9.01,1.67,82.4,28,100,3.65,1612573186
9,Busselton,AU,-33.65,115.33,64,73,100,5.01,1612573027
10,Tuktoyaktuk,CA,69.45,-133.04,-31,75,75,10.36,1612572764
11,Sawakin,SD,19.11,37.33,70.68,53,0,7.47,1612573186
12,Kamaishi,JP,39.27,141.88,33.8,93,75,6.91,1612573182
13,New Norfolk,AU,-42.78,147.06,75.99,47,1,7,1612572669
14,Khatanga,RU,71.97,102.5,-34.22,78,4,7.09,1612573095
15,Port Alfred,ZA,-33.59,26.89,69.01,93,100,14.92,1612573033
16,Bayan,KW,46.08,127.4,-0.8,90,100,4.74,1612573099
17,Butaritari,KI,3.07,172.79,81.39,80,93,17.76,1612572897
18,Yellowknife,CA,62.46,-114.35,-31,68,90,10.36,1612572831
19,Bredasdorp,ZA,-34.53,20.04,60.8,94,0,1.14,1612573072
20,Vaini,TO,-21.2,-175.2,84.2,84,75,4.61,1612573053
21,Souillac,MU,-20.52,57.52,77,88,75,6.91,1612573040
22,Rikitea,PF,-23.12,-134.97,78.76,70,11,12.75,1612573013
23,Barra Do Garcas,BR,-15.89,-52.26,76.42,84,100,2.68,1612573189
24,Amderma,RU,,,,,,,
25,East London,ZA,-33.02,27.91,73.63,89,97,10.13,1612572808
26,Sumbe,AO,-11.21,13.84,75.79,86,100,7.92,1612573190
27,Saint-Philippe,RE,-21.36,55.77,78.8,65,0,6.91,1612572889
28,Saint George,BM,37.1,-113.58,57.2,23,1,17.27,1612572744
29,Palmer,US,42.16,-72.33,32,93,32,6.13,1612572599
30,Moron,MN,-34.65,-58.62,73,73,0,1.99,1612572742
31,Wahran,DZ,,,,,,,
32,Panzhihua,CN,26.59,101.71,49.89,48,37,0.94,1612573191
33,Albany,AU,42.6,-73.97,37,69,36,4.61,1612573027
34,Vostok,RU,46.49,135.88,6.31,93,100,3.42,1612573003
35,Pangnirtung,CA,66.15,-65.71,23.16,93,100,4.92,1612572932
36,Mount Gambier,AU,-37.83,140.77,64.4,68,40,13.8,1612572958
37,Azuaga,ES,38.27,-5.68,46.99,93,100,7,1612573192
38,Salalah,OM,17.02,54.09,71.6,64,20,5.75,1612572994
39,Cherskiy,RU,68.75,161.3,-14.53,77,30,0.98,1612572933
40,Hobart,AU,-42.88,147.33,78.01,53,75,13.8,1612572817
41,Gizo,SB,-8.1,156.84,84.4,72,100,9.91,1612572810
42,Hithadhoo,MV,-0.6,73.08,81.79,80,100,15.14,1612572729
43,Abha,SA,18.22,42.51,53.6,50,0,10.36,1612572907
44,Port Elizabeth,ZA,-33.92,25.57,71.6,88,90,6.91,1612573025
45,Piacabucu,BR,-10.41,-36.43,78.98,80,0,15.35,1612573194
46,Lata,SB,40.16,-8.33,51.01,93,100,1.01,1612573072
47,Rio Grande,BR,-32.03,-52.1,63,90,21,15.12,1612572957
48,Pochutla,MX,15.74,-96.47,78.8,73,75,11.5,1612573177
49,Acarau,BR,-2.89,-40.12,77.94,83,5,12.68,1612572802
50,Kapaa,US,22.08,-159.32,71.6,56,20,6.91,1612573036
51,Nome,US,64.5,-165.41,15.8,79,90,25.32,1612572721
52,College,US,64.86,-147.8,-7.6,71,75,2.95,1612573082
53,Ylivieska,FI,64.08,24.55,8.42,96,59,5.61,1612573196
54,Bluff,NZ,-46.6,168.33,60.35,71,33,2.04,1612572904
55,Alta Floresta,BR,-9.88,-56.09,73.17,97,100,3.22,1612572944
56,Namibe,AO,,,,,,,
57,Jamestown,SH,,,,,,,
58,Labuhan,ID,,,,,,,
59,Kodiak,US,,,,,,,
60,Pabna,BD,,,,,,,
61,Praia,CV,,,,,,,
62,Arraial Do Cabo,BR,,,,,,,
63,Hermanus,ZA,,,,,,,
64,Cape Town,ZA,,,,,,,
65,Hilo,US,,,,,,,
66,Atuona,PF,,,,,,,
67,Chuy,UY,,,,,,,
68,Grindavik,IS,,,,,,,
69,Tambul,SD,,,,,,,
70,Aklavik,CA,,,,,,,
71,Ancud,CL,,,,,,,
72,Qaanaaq,GL,,,,,,,
73,Huambo,AO,,,,,,,
74,Ilulissat,GL,,,,,,,
75,Yala,KE,,,,,,,
76,Bubaque,GW,,,,,,,
77,Camabatela,AO,,,,,,,
78,Mar Del Plata,AR,,,,,,,
79,Toamasina,MG,,,,,,,
80,Bolungarvik,IS,,,,,,,
81,Beringovskiy,RU,,,,,,,
82,Tura,RU,,,,,,,
83,Yerbogachen,RU,,,,,,,
84,Itarema,BR,,,,,,,
85,Khed Brahma,IN,,,,,,,
86,Narsaq,GL,,,,,,,
87,Ushuaia,AR,,,,,,,
88,Noumea,NC,,,,,,,
89,Chokurdakh,RU,,,,,,,
90,Clyde River,CA,,,,,,,
91,Tiksi,RU,,,,,,,
92,Maputo,MZ,,,,,,,
93,Upernavik,GL,,,,,,,
94,Punta Arenas,CL,,,,,,,
95,San Policarpo,PH,,,,,,,
96,Cidreira,BR,,,,,,,
97,Ribeira Grande,PT,,,,,,,
98,Avarua,CK,,,,,,,
99,Abu Samrah,QA,,,,,,,
100,Valparaiso,CL,,,,,,,
101,Maryville,US,,,,,,,
102,Wamba,CD,,,,,,,
103,Vanimo,PG,,,,,,,
104,Barrow,US,,,,,,,
105,Mataura,PF,,,,,,,
106,Castro,CL,,,,,,,
107,Rundu,NA,,,,,,,
108,Torbay,CA,,,,,,,
109,Buon Me Thuot,VN,,,,,,,
110,Kaitangata,NZ,,,,,,,
111,Taolanaro,MG,,,,,,,
112,Plainview,US,,,,,,,
113,Arroyo,US,,,,,,,
114,Mahur,IN,,,,,,,
115,Pushkino,AZ,,,,,,,
116,Khandyga,RU,,,,,,,
117,Gorom-Gorom,BF,,,,,,,
118,Springbok,ZA,,,,,,,
119,Chapeco,BR,,,,,,,
120,Muros,ES,,,,,,,
121,Pevek,RU,,,,,,,
122,Ipora,BR,,,,,,,
123,Birin,DZ,,,,,,,
124,Illoqqortoormiut,GL,,,,,,,
125,Millinocket,US,,,,,,,
126,Daru,PG,,,,,,,
127,Ambalavao,MG,,,,,,,
128,Moose Factory,CA,,,,,,,
129,Klaksvik,FO,,,,,,,
130,Otane,NZ,,,,,,,
131,Chalinze,TZ,,,,,,,
132,Dikson,RU,,,,,,,
133,Yerofey Pavlovich,RU,,,,,,,
134,Kavieng,PG,,,,,,,
135,Tanjong Karang,MY,,,,,,,
136,Hammerfest,NO,,,,,,,
137,Taburi,PH,,,,,,,
138,Geraldton,AU,,,,,,,
139,Kyren,RU,,,,,,,
140,Muskogee,US,,,,,,,
141,Groningen,SR,,,,,,,
142,Doha,KW,,,,,,,
143,Lebu,CL,,,,,,,
144,Alofi,NU,,,,,,,
145,Orchard Homes,US,,,,,,,
146,Vanavara,RU,,,,,,,
147,Carnarvon,AU,,,,,,,
148,Bethel,US,,,,,,,
149,Talcahuano,CL,,,,,,,
150,Namie,JP,,,,,,,
151,Te Anau,NZ,,,,,,,
152,Fortuna,US,,,,,,,
153,Aracruz,BR,,,,,,,
154,Hambantota,LK,,,,,,,
155,Tomatlan,MX,,,,,,,
156,Saldanha,ZA,,,,,,,
157,Touros,BR,,,,,,,
158,Vredendal,ZA,,,,,,,
159,Puerto Ayora,EC,,,,,,,
160,Victoria,SC,,,,,,,
161,Tsihombe,MG,,,,,,,
162,Porto Walter,BR,,,,,,,
163,Kuche,CN,,,,,,,
164,Achinsk,RU,,,,,,,
165,Sinnamary,GF,,,,,,,
166,San Quintin,MX,,,,,,,
167,Murchison,NZ,,,,,,,
168,Talnakh,RU,,,,,,,
169,Thompson,CA,,,,,,,
170,Hetauda,NP,,,,,,,
171,Airai,PW,,,,,,,
172,Coahuayana,MX,,,,,,,
173,Berlevag,NO,,,,,,,
174,Pringsewu,ID,,,,,,,
175,Khvoynaya,RU,,,,,,,
176,Esmeraldas,EC,,,,,,,
177,Abapo,BO,,,,,,,
178,Caruray,PH,,,,,,,
179,Fengkou,CN,,,,,,,
180,Bambous Virieux,MU,,,,,,,
181,Umea,SE,,,,,,,
182,Brigantine,US,,,,,,,
183,Port Hardy,CA,,,,,,,
184,Iqaluit,CA,,,,,,,
185,Bengkulu,ID,,,,,,,
186,Longyearbyen,SJ,,,,,,,
187,Oranjestad,AW,,,,,,,
188,Bury Saint Edmunds,GB,,,,,,,
189,Edd,ER,,,,,,,
190,Sinjar,IQ,,,,,,,
191,Jeremie,HT,,,,,,,
192,Shanghai,CN,,,,,,,
193,Esperance,AU,,,,,,,
194,Mandali,IQ,,,,,,,
195,Ascension,BO,,,,,,,
196,Yakeshi,CN,,,,,,,
197,Monrovia,LR,,,,,,,
198,San Carlos De Bariloche,AR,,,,,,,
199,Faya,TD,,,,,,,
200,Kalianget,ID,,,,,,,
201,Masterton,NZ,,,,,,,
202,Kavaratti,IN,,,,,,,
203,Haines Junction,CA,,,,,,,
204,Najran,SA,,,,,,,
205,Caravelas,BR,,,,,,,
206,Batagay-Alyta,RU,,,,,,,
207,Paamiut,GL,,,,,,,
208,Khasan,RU,,,,,,,
209,Itoman,JP,,,,,,,
210,Warqla,DZ,,,,,,,
211,Tucupita,VE,,,,,,,
212,Seekirchen,AT,,,,,,,
213,Faanui,PF,,,,,,,
214,Bur Gabo,SO,,,,,,,
215,Deputatskiy,RU,,,,,,,
216,Puerto Escondido,MX,,,,,,,
217,Constitucion,CL,,,,,,,
218,San Cristobal,EC,,,,,,,
219,Attawapiskat,CA,,,,,,,
220,Grand Gaube,MU,,,,,,,
221,Ornskoldsvik,SE,,,,,,,
222,Pokhara,NP,,,,,,,
223,Batamshinskiy,KZ,,,,,,,
224,Mutsamudu,KM,,,,,,,
225,Plouzane,FR,,,,,,,
226,Karasjok,NO,,,,,,,
227,Verkhnevilyuysk,RU,,,,,,,
228,Mendi,PG,,,,,,,
229,Waipawa,NZ,,,,,,,
230,San Ramon De La Nueva Oran,AR,,,,,,,
231,Serenje,ZM,,,,,,,
232,Baoning,CN,,,,,,,
233,Lalomanu,WS,,,,,,,
234,Hirara,JP,,,,,,,
235,Mange,SL,,,,,,,
236,Barentsburg,SJ,,,,,,,
237,Sept-Iles,CA,,,,,,,
238,Bandarbeyla,SO,,,,,,,
239,Yatou,CN,,,,,,,
240,Guerrero Negro,MX,,,,,,,
241,Cabo San Lucas,MX,,,,,,,
242,Sao Joao Da Barra,BR,,,,,,,
243,Georgetown,SH,,,,,,,
244,Mys Shmidta,RU,,,,,,,
245,Acapulco,MX,,,,,,,
246,Naze,JP,,,,,,,
247,Asau,TV,,,,,,,
248,Sorvag,FO,,,,,,,
249,Saint-Pierre,PM,,,,,,,
250,Geresk,AF,,,,,,,
251,Kota Bahru,MY,,,,,,,
252,Milkovo,RU,,,,,,,
253,Trelew,AR,,,,,,,
254,Kuzhorskaya,RU,,,,,,,
255,Dakar,SN,,,,,,,
256,Sar-E Pul,AF,,,,,,,
257,Sobolevo,RU,,,,,,,
258,Port Hedland,AU,,,,,,,
259,Wucheng,CN,,,,,,,
260,Samusu,WS,,,,,,,
261,Wiang Sa,TH,,,,,,,
262,Baruun-Urt,MN,,,,,,,
263,Hovd,MN,,,,,,,
264,Porto Novo,CV,,,,,,,
265,Saleaula,WS,,,,,,,
266,Utiroa,KI,,,,,,,
267,Saint-Georges,GF,,,,,,,
268,Newport,US,,,,,,,
269,Namatanai,PG,,,,,,,
270,Flinders,AU,,,,,,,
271,Sao Gabriel,BR,,,,,,,
272,Pedasi,PA,,,,,,,
273,Tasiilaq,GL,,,,,,,
274,Benoy,TD,,,,,,,
275,Mahajanga,MG,,,,,,,
276,Xam Nua,LA,,,,,,,
277,Lasa,CN,,,,,,,
278,Akyab,MM,,,,,,,
279,Mangai,CD,,,,,,,
280,Elko,US,,,,,,,
281,Cayenne,GF,,,,,,,
282,Umzimvubu,ZA,,,,,,,
283,Kawalu,ID,,,,,,,
284,Lucea,JM,,,,,,,
285,Cap Malheureux,MU,,,,,,,
286,Kudahuvadhoo,MV,,,,,,,
287,Russell,NZ,,,,,,,
288,Matara,LK,,,,,,,
289,Chupa,RU,,,,,,,
290,Kailua,US,,,,,,,
291,Ruatoria,NZ,,,,,,,
292,Isangel,VU,,,,,,,
293,Svetlogorsk,RU,,,,,,,
294,Tumannyy,RU,,,,,,,
295,Severo-Kurilsk,RU,,,,,,,
296,Elizabeth City,US,,,,,,,
297,Hinton,CA,,,,,,,
298,Bilibino,RU,,,,,,,
299,Mamakan,RU,,,,,,,
300,Paradwip,IN,,,,,,,
301,Nizwa,OM,,,,,,,
302,Bathsheba,BB,,,,,,,
303,Hasaki,JP,,,,,,,
304,Codrington,AG,,,,,,,
305,Vazante,BR,,,,,,,
306,Ekhabi,RU,,,,,,,
307,Sitka,US,,,,,,,
308,Dunedin,NZ,,,,,,,
309,Tashtyp,RU,,,,,,,
310,Azimur,MA,,,,,,,
311,Billerbeck,DE,,,,,,,
312,Roald,NO,,,,,,,
313,Laramie,US,,,,,,,
314,Manaure,CO,,,,,,,
315,Vaitupu,WF,,,,,,,
316,Victor Harbor,AU,,,,,,,
317,Butterworth,ZA,,,,,,,
318,Gravelbourg,CA,,,,,,,
319,Paramonga,PE,,,,,,,
320,Port Blair,IN,,,,,,,
321,Lypova Dolyna,UA,,,,,,,
322,Coihueco,CL,,,,,,,
323,Tubuala,PA,,,,,,,
324,Havre-Saint-Pierre,CA,,,,,,,
325,Sandnessjoen,NO,,,,,,,
326,Rawannawi,KI,,,,,,,
327,Naliya,IN,,,,,,,
328,Kayerkan,RU,,,,,,,
329,Westport,NZ,,,,,,,
330,Hofn,IS,,,,,,,
331,Walvis Bay,NA,,,,,,,
332,Hobyo,SO,,,,,,,
333,Ola,RU,,,,,,,
334,Ponta Do Sol,CV,,,,,,,
335,San Patricio,MX,,,,,,,
336,Barabai,ID,,,,,,,
337,Oda,JP,,,,,,,
338,Berdigestyakh,RU,,,,,,,
339,Zabaykalsk,RU,,,,,,,
340,Verkhoyansk,RU,,,,,,,
341,Comodoro Rivadavia,AR,,,,,,,
342,Biak,ID,,,,,,,
343,Beloha,MG,,,,,,,
344,Bor,CZ,,,,,,,
345,Naron,ES,,,,,,,
346,Mecca,SA,,,,,,,
347,Usinsk,RU,,,,,,,
348,Campo Largo,BR,,,,,,,
349,Saint-Joseph,RE,,,,,,,
350,Rio Largo,BR,,,,,,,
351,Baykit,RU,,,,,,,
352,Dmitriyev-Lgovskiy,RU,,,,,,,
353,Arivonimamo,MG,,,,,,,
354,Artyk,RU,,,,,,,
355,Bandar-E Torkaman,IR,,,,,,,
356,Pinsk,BY,,,,,,,
357,Tual,ID,,,,,,,
358,Grand River South East,MU,,,,,,,
359,Luganville,VU,,,,,,,
360,Shimoda,JP,,,,,,,
361,Male,MV,,,,,,,
362,Udachnyy,RU,,,,,,,
363,Ketchikan,US,,,,,,,
364,Bellinzona,CH,,,,,,,
365,Hauge,NO,,,,,,,
366,Skibbereen,IE,,,,,,,
367,Sentyabrskiy,RU,,,,,,,
368,Aflu,DZ,,,,,,,
369,Kashi,CN,,,,,,,
370,Mae Sai,TH,,,,,,,
371,Mahebourg,MU,,,,,,,
372,Vardo,NO,,,,,,,
373,Kastamonu,TR,,,,,,,
374,Mount Isa,AU,,,,,,,
375,Kulhudhuffushi,MV,,,,,,,
376,Eyl,SO,,,,,,,
377,Sagaing,MM,,,,,,,
378,Lagoa,PT,,,,,,,
379,Kruisfontein,ZA,,,,,,,
380,Broken Hill,AU,,,,,,,
381,Talaya,RU,,,,,,,
382,Dalgopol,BG,,,,,,,
383,Jibuti,DJ,,,,,,,
384,Seidu,SL,,,,,,,
385,Inhambane,MZ,,,,,,,
386,Sao Jose Da Coroa Grande,BR,,,,,,,
387,Katsuura,JP,,,,,,,
388,Ilesha,NG,,,,,,,
389,Laguna,BR,,,,,,,
390,Turayf,SA,,,,,,,
391,Opuwo,NA,,,,,,,
392,Koulikoro,ML,,,,,,,
393,Chor,PK,,,,,,,
394,Samarai,PG,,,,,,,
395,Fairfield,US,,,,,,,
396,Pasaje,EC,,,,,,,
397,Alice Springs,AU,,,,,,,
398,Kirakira,SB,,,,,,,
399,Kutum,SD,,,,,,,
400,Kerteh,MY,,,,,,,
401,Beruwala,LK,,,,,,,
402,Tromso,NO,,,,,,,
403,Yumen,CN,,,,,,,
404,Puerto Madryn,AR,,,,,,,
405,Provideniya,RU,,,,,,,
406,Anloga,GH,,,,,,,
407,Guilin,CN,,,,,,,
408,Cotija,MX,,,,,,,
409,Rondonopolis,BR,,,,,,,
410,Sao Filipe,CV,,,,,,,
411,Pilao Arcado,BR,,,,,,,
412,Dongsheng,CN,,,,,,,
413,Puerto Ayacucho,VE,,,,,,,
414,Ongandjera,NA,,,,,,,
415,Quimper,FR,,,,,,,
416,Lazaro Cardenas,MX,,,,,,,
417,Celestun,MX,,,,,,,
418,Boshnyakovo,RU,,,,,,,
419,Nemuro,JP,,,,,,,
420,Firozpur Jhirka,IN,,,,,,,
421,Bonnyville,CA,,,,,,,
422,Bara,SD,,,,,,,
423,Marsa Matruh,EG,,,,,,,
424,Atasu,KZ,,,,,,,
425,Pedernales,DO,,,,,,,
426,Angoche,MZ,,,,,,,
427,Nizhneyansk,RU,,,,,,,
428,Port Arthur,US,,,,,,,
429,Cockburn Town,TC,,,,,,,
430,Kamenka,RU,,,,,,,
431,Luderitz,NA,,,,,,,
432,Khuzhir,RU,,,,,,,
433,Tabou,CI,,,,,,,
434,Darnah,LY,,,,,,,
435,Husavik,IS,,,,,,,
436,Suntar,RU,,,,,,,
437,Palabuhanratu,ID,,,,,,,
438,Murmashi,RU,,,,,,,
439,Chimbote,PE,,,,,,,
440,Taoudenni,ML,,,,,,,
441,Olavarria,AR,,,,,,,
442,Tessalit,ML,,,,,,,
443,Neryungri,RU,,,,,,,
444,Antofagasta,CL,,,,,,,
445,Pisco,PE,,,,,,,
446,Khani,RU,,,,,,,
447,Bonthe,SL,,,,,,,
448,Khorol,UA,,,,,,,
449,Tabatinga,BR,,,,,,,
450,Korem,ET,,,,,,,
451,Buala,SB,,,,,,,
452,Imbituba,BR,,,,,,,
453,Mehamn,NO,,,,,,,
454,Bakchar,RU,,,,,,,
455,Batagay,RU,,,,,,,
456,Jalu,LY,,,,,,,
457,Ambulu,ID,,,,,,,
458,Qaqortoq,GL,,,,,,,
459,Nanortalik,GL,,,,,,,
460,Manokwari,ID,,,,,,,
461,Baltatesti,RO,,,,,,,
462,Terrace Bay,CA,,,,,,,
463,Ambilobe,MG,,,,,,,
464,Zhifang,CN,,,,,,,
465,Guozhen,CN,,,,,,,
466,Veraval,IN,,,,,,,
467,Tutoia,BR,,,,,,,
468,Kismayo,SO,,,,,,,
469,Karaul,RU,,,,,,,
470,Meyungs,PW,,,,,,,
471,Rossano,IT,,,,,,,
472,Necochea,AR,,,,,,,
473,Jishou,CN,,,,,,,
474,Coari,BR,,,,,,,
475,Den Helder,NL,,,,,,,
476,Whitehorse,CA,,,,,,,
477,Alekseyevsk,RU,,,,,,,
478,Pacific Grove,US,,,,,,,
479,Derzhavinsk,KZ,,,,,,,
480,Huaraz,PE,,,,,,,
481,Meulaboh,ID,,,,,,,
482,Varkaus,FI,,,,,,,
483,Iralaya,HN,,,,,,,
484,Freeport,US,,,,,,,
485,Wenling,CN,,,,,,,
486,Tarata,PE,,,,,,,
487,Haibowan,CN,,,,,,,
488,Wakkanai,JP,,,,,,,
489,Raga,SD,,,,,,,
490,Upington,ZA,,,,,,,
491,Kharabali,RU,,,,,,,
492,Margate,ZA,,,,,,,
493,Kautokeino,NO,,,,,,,
494,Floro,NO,,,,,,,
495,Cam Pha,VN,,,,,,,
496,Zhangye,CN,,,,,,,
497,Gwadar,PK,,,,,,,
498,Fortuna Foothills,US,,,,,,,
499,Inegol,TR,,,,,,,
500,Ambanja,MG,,,,,,,
501,Kununurra,AU,,,,,,,
502,Yulara,AU,,,,,,,
503,Rio Gallegos,AR,,,,,,,
504,Ginir,ET,,,,,,,
505,Naranjito,EC,,,,,,,
506,Havelock,US,,,,,,,
507,Vagamo,NO,,,,,,,
508,Sola,VU,,,,,,,
509,Vallenar,CL,,,,,,,
510,Gushikawa,JP,,,,,,,
511,Kiama,AU,,,,,,,
512,Swanton,US,,,,,,,
513,Inongo,CD,,,,,,,
514,Lagos,NG,,,,,,,
515,Kimbe,PG,,,,,,,
516,Taihe,CN,,,,,,,
517,Kahului,US,,,,,,,
518,Mananara,MG,,,,,,,
519,Hamilton,BM,,,,,,,
520,Hendijan,IR,,,,,,,
521,Acajutla,SV,,,,,,,
522,Svetlyy,RU,,,,,,,
523,Puerto Narino,CO,,,,,,,
524,Ciras,AF,,,,,,,
525,Marsh Harbour,BS,,,,,,,
526,Igrim,RU,,,,,,,
527,Kijang,ID,,,,,,,
528,Aswan,EG,,,,,,,
529,Monroe,US,,,,,,,
530,Mildura,AU,,,,,,,
531,Kirkwall,GB,,,,,,,
532,Wajir,KE,,,,,,,
533,Bismil,TR,,,,,,,
534,Taltal,CL,,,,,,,
535,Cap-Aux-Meules,CA,,,,,,,
536,Freetown,AG,,,,,,,
537,Sibolga,ID,,,,,,,
538,Uyuni,BO,,,,,,,
539,Halifax,CA,,,,,,,
540,Balabac,PH,,,,,,,
541,Bayir,JO,,,,,,,
542,Agva,TR,,,,,,,
543,Aracati,BR,,,,,,,
544,Rosenberg,US,,,,,,,
545,Rakitnoye,RU,,,,,,,
546,Bitung,ID,,,,,,,
547,Dwarka,IN,,,,,,,
548,Quatre Cocos,MU,,,,,,,
549,Liyang,CN,,,,,,,
550,Excelsior Springs,US,,,,,,,
551,Kathmandu,NP,,,,,,,
552,Zhigalovo,RU,,,,,,,
553,Norman Wells,CA,,,,,,,
554,Srednekolymsk,RU,,,,,,,
555,Berezovyy,RU,,,,,,,
556,Murray,US,,,,,,,
557,Rayachoti,IN,,,,,,,
558,Chipinge,ZW,,,,,,,
559,Atchison,US,,,,,,,
560,Delmas,ZA,,,,,,,
561,Rethimnon,GR,,,,,,,
562,Halalo,WF,,,,,,,
563,Bonavista,CA,,,,,,,
564,Kjopsvik,NO,,,,,,,
565,Haapiti,PF,,,,,,,
566,Pahrump,US,,,,,,,
567,Akonolinga,CM,,,,,,,
568,Loding,NO,,,,,,,
569,Goderich,SL,,,,,,,
570,Kharp,RU,,,,,,,
571,Kaduy,RU,,,,,,,
572,Ust-Kulom,RU,,,,,,,
573,Ellisras,ZA,,,,,,,
574,Puruandiro,MX,,,,,,,
575,Kirensk,RU,,,,,,,
576,North Bend,US,,,,,,,
577,Srinagar,IN,,,,,,,
578,Leh,IN,,,,,,,
579,Lorengau,PG,,,,,,,
580,Phan Thiet,VN,,,,,,,
581,Lavrentiya,RU,,,,,,,
582,Kokopo,PG,,,,,,,
583,Tahoua,NE,,,,,,,
584,Tasbuget,KZ,,,,,,,
585,Anadyr,RU,,,,,,,
586,Bocas Del Toro,PA,,,,,,,
587,Presidente Olegario,BR,,,,,,,
588,Camana,PE,,,,,,,
589,Ahipara,NZ,,,,,,,
590,Berdychiv,UA,,,,,,,
591,Sijunjung,ID,,,,,,,
592,Viligili,MV,,,,,,,
593,Tilichiki,RU,,,,,,,
594,Kargasok,RU,,,,,,,
595,Weligama,LK,,,,,,,
596,Henties Bay,NA,,,,,,,
597,Brokopondo,SR,,,,,,,
598,Santiago Del Estero,AR,,,,,,,
599,Corn Island,NI,,,,,,,
600,Maneadero,MX,,,,,,,
601,Sayyan,YE,,,,,,,
602,Maragogi,BR,,,,,,,
603,Vao,NC,,,,,,,
604,Novyy Urengoy,RU,,,,,,,
605,Miraflores,CO,,,,,,,
606,Ucluelet,CA,,,,,,,
607,Churapcha,RU,,,,,,,
608,Odesa,UA,,,,,,,
609,Monte Alegre,BR,,,,,,,
610,Eskasem,AF,,,,,,,
611,Damara,CF,,,,,,,
612,Sayat,TM,,,,,,,
613,Del Rio,US,,,,,,,
614,Ishigaki,JP,,,,,,,
615,Carndonagh,IE,,,,,,,
616,Kumluca,TR,,,,,,,
617,Sangar,RU,,,,,,,
618,Half Moon Bay,US,,,,,,,
619,Boyolangu,ID,,,,,,,
620,Ternate,ID,,,,,,,
621,Saint-Francois,GP,,,,,,,
622,Leningradskiy,RU,,,,,,,
623,Prince Rupert,CA,,,,,,,
624,Aktash,RU,,,,,,,
625,Nikolskiy,RU,,,,,,,
626,Batouri,CM,,,,,,,
627,Akdepe,TM,,,,,,,
628,Rovaniemi,FI,,,,,,,
629,Mandurah,AU,,,,,,,
630,Codajas,BR,,,,,,,
631,Kunming,CN,,,,,,,
632,Presidencia Roque Saenz Pena,AR,,,,,,,
633,Vestmannaeyjar,IS,,,,,,,
634,Ust-Kut,RU,,,,,,,
635,Bacuit,PH,,,,,,,
636,Hassleholm,SE,,,,,,,
637,San Jose,GT,,,,,,,
638,Maningrida,AU,,,,,,,
639,Sorong,ID,,,,,,,
640,Irece,BR,,,,,,,
641,Iwanai,JP,,,,,,,
642,Labutta,MM,,,,,,,
643,Lipin Bor,RU,,,,,,,
644,La Ronge,CA,,,,,,,
645,Sakakah,SA,,,,,,,
646,Korla,CN,,,,,,,
647,Cabedelo,BR,,,,,,,
648,Satitoa,WS,,,,,,,
649,Nkhotakota,MW,,,,,,,
650,Nelson Bay,AU,,,,,,,
651,Rock Sound,BS,,,,,,,
652,Ahuimanu,US,,,,,,,
653,Kenai,US,,,,,,,
654,Oneida,US,,,,,,,
655,Shaping,CN,,,,,,,
656,Zhoucheng,CN,,,,,,,
657,Lompoc,US,,,,,,,
658,Leshukonskoye,RU,,,,,,,
659,Leopold,AU,,,,,,,
660,Tula,MX,,,,,,,
661,Fukue,JP,,,,,,,
662,Tazovskiy,RU,,,,,,,
663,Cocobeach,GA,,,,,,,
664,Saint-Augustin,CA,,,,,,,
665,Mega,ET,,,,,,,
666,Turiacu,BR,,,,,,,
667,Castanos,MX,,,,,,,
668,Hays,US,,,,,,,
669,Plettenberg Bay,ZA,,,,,,,
670,Zhigansk,RU,,,,,,,
671,Pitiquito,MX,,,,,,,
672,Cheremukhovo,RU,,,,,,,
673,Melendugno,IT,,,,,,,
674,Betioky,MG,,,,,,,
675,San Vicente,PH,,,,,,,
676,Road Town,VG,,,,,,,
677,Sandwich,US,,,,,,,
678,Hoa Binh,VN,,,,,,,
679,Fajardo,US,,,,,,,
680,Pokrovsk,RU,,,,,,,
681,Palu,ID,,,,,,,
682,Maple Creek,CA,,,,,,,
683,Kuruman,ZA,,,,,,,
684,Southbridge,NZ,,,,,,,
685,Bajil,YE,,,,,,,
686,Malgrat De Mar,ES,,,,,,,
687,Zharkent,KZ,,,,,,,
688,San Andres,CO,,,,,,,
689,Strezhevoy,RU,,,,,,,
690,Tirano,IT,,,,,,,
691,Vila,VU,,,,,,,
692,Lac Du Bonnet,CA,,,,,,,
693,Sasovo,RU,,,,,,,
694,Burica,PA,,,,,,,
695,The Valley,AI,,,,,,,
696,Dukat,RU,,,,,,,
697,Makakilo City,US,,,,,,,
698,Sampit,ID,,,,,,,
699,Quelimane,MZ,,,,,,,
700,Ostrovnoy,RU,,,,,,,
701,Vizinga,RU,,,,,,,
702,Palana,RU,,,,,,,
703,Gambela,ET,,,,,,,
704,Yorkton,CA,,,,,,,
705,Takoradi,GH,,,,,,,
706,Buchanan,LR,,,,,,,
707,Banda Aceh,ID,,,,,,,
708,Burnie,AU,,,,,,,
709,Fairbanks,US,,,,,,,
710,Marovoay,MG,,,,,,,
711,Northam,AU,,,,,,,
712,Luau,AO,,,,,,,
713,Turukhansk,RU,,,,,,,
714,Konya,TR,,,,,,,
715,Poum,NC,,,,,,,
716,Doctor Juan Leon Mallorquin,PY,,,,,,,
717,Balkanabat,TM,,,,,,,
718,Teahupoo,PF,,,,,,,
719,Sioux Lookout,CA,,,,,,,
720,Hami,CN,,,,,,,
721,Bernal,PE,,,,,,,
722,Ayagoz,KZ,,,,,,,
723,Mbandaka,CD,,,,,,,
724,Nuuk,GL,,,,,,,
725,Mapimi,MX,,,,,,,
726,Roebourne,AU,,,,,,,
727,Safaqis,TN,,,,,,,
728,Mufumbwe,ZM,,,,,,,
729,Kiunga,PG,,,,,,,
730,Dawei,MM,,,,,,,
731,Sur,OM,,,,,,,
732,Klaeng,TH,,,,,,,
733,Chagda,RU,,,,,,,
734,Madaoua,NE,,,,,,,
735,Tarudant,MA,,,,,,,
736,Amapa,BR,,,,,,,
737,Boden,SE,,,,,,,
738,Karachi,PK,,,,,,,
739,Aden,YE,,,,,,,
740,Tynda,RU,,,,,,,
741,Berekum,GH,,,,,,,
742,Kanakeravan,AM,,,,,,,
743,Kaeo,NZ,,,,,,,
744,Cuencame,MX,,,,,,,
745,Smithers,CA,,,,,,,
746,Avera,PF,,,,,,,
747,Morondava,MG,,,,,,,
748,Atambua,ID,,,,,,,
749,Viljoenskroon,ZA,,,,,,,
750,Nouakchott,MR,,,,,,,
751,Fort Frances,CA,,,,,,,
752,Wicklow,IE,,,,,,,
753,Vangaindrano,MG,,,,,,,
754,Shihezi,CN,,,,,,,
755,Zhireken,RU,,,,,,,
756,Dudinka,RU,,,,,,,
757,Alice Town,BS,,,,,,,
758,Esil,KZ,,,,,,,
759,Manta,EC,,,,,,,
760,Jabinyanah,TN,,,,,,,
761,Karratha,AU,,,,,,,
762,Grafton,AU,,,,,,,
763,Nhulunbuy,AU,,,,,,,
764,Biloela,AU,,,,,,,
765,Salym,RU,,,,,,,
766,Harlingen,NL,,,,,,,
767,Fukuchiyama,JP,,,,,,,
768,Iraga,PH,,,,,,,
769,Grand Centre,CA,,,,,,,
770,Mentok,ID,,,,,,,
771,Nyurba,RU,,,,,,,
772,Semporna,MY,,,,,,,
773,Korcula,HR,,,,,,,
774,Manassas Park,US,,,,,,,
775,Port Shepstone,ZA,,,,,,,
776,Puerto Quijarro,BO,,,,,,,
777,Poland,US,,,,,,,
778,Salinas,EC,,,,,,,
779,Ust-Omchug,RU,,,,,,,
780,General Roca,AR,,,,,,,
781,Tigil,RU,,,,,,,
782,Vadlapudi,IN,,,,,,,
783,Ikungi,TZ,,,,,,,
784,Portel,BR,,,,,,,
785,Inirida,CO,,,,,,,
786,Port Lincoln,AU,,,,,,,
787,Vysokogornyy,RU,,,,,,,
788,Ozernovskiy,RU,,,,,,,
789,Vore,AL,,,,,,,
790,Vedeno,RU,,,,,,,
791,Nueva Loja,EC,,,,,,,
792,Batemans Bay,AU,,,,,,,
793,Camindangan,PH,,,,,,,
794,Changli,CN,,,,,,,
795,Umiray,PH,,,,,,,
796,Dingle,IE,,,,,,,
797,Maniitsoq,GL,,,,,,,
798,Thinadhoo,MV,,,,,,,
799,Keetmanshoop,NA,,,,,,,
800,Poso,ID,,,,,,,
801,Monte Patria,CL,,,,,,,
802,Brahmapuri,IN,,,,,,,
803,Le Port,RE,,,,,,,
804,Tashtagol,RU,,,,,,,
805,Coihaique,CL,,,,,,,
806,Belmonte,BR,,,,,,,
807,Cascais,PT,,,,,,,
808,Yar-Sale,RU,,,,,,,
809,Presque Isle,US,,,,,,,
810,Ponta Delgada,PT,,,,,,,
811,Muravlenko,RU,,,,,,,
812,Kieta,PG,,,,,,,
813,Mezen,RU,,,,,,,
814,Brookings,US,,,,,,,
815,Lumsden,CA,,,,,,,
816,Virginia Beach,US,,,,,,,
817,Lolua,TV,,,,,,,
818,Dianopolis,BR,,,,,,,
819,Helong,CN,,,,,,,
820,Nouadhibou,MR,,,,,,,
821,Malaga,CO,,,,,,,
822,Novooleksiyivka,UA,,,,,,,
823,Bacolod,PH,,,,,,,
824,Griffith,AU,,,,,,,
825,Salumbar,IN,,,,,,,
826,Ajdabiya,LY,,,,,,,
827,Samoded,RU,,,,,,,
828,Sabha,LY,,,,,,,
829,Xining,CN,,,,,,,
830,Sarmanovo,RU,,,,,,,
831,Bardiyah,LY,,,,,,,
832,Petropavlovsk-Kamchatskiy,RU,,,,,,,
833,Kathu,TH,,,,,,,
834,Grants,US,,,,,,,
835,Mizdah,LY,,,,,,,
836,Mangrol,IN,,,,,,,
837,Kamenskoye,RU,,,,,,,
838,Hongjiang,CN,,,,,,,
839,Tianpeng,CN,,,,,,,
840,Nam Tha,LA,,,,,,,
841,Shieli,KZ,,,,,,,
842,Maloshuyka,RU,,,,,,,
843,Port Macquarie,AU,,,,,,,
844,Shenjiamen,CN,,,,,,,
845,Krasnoselkup,RU,,,,,,,
846,Phibun Mangsahan,TH,,,,,,,
847,Los Llanos De Aridane,ES,,,,,,,
848,Dori,BF,,,,,,,
849,Olafsvik,IS,,,,,,,
850,Carutapera,BR,,,,,,,
851,Mananjary,MG,,,,,,,
852,Bendigo,AU,,,,,,,
853,Ziarat,PK,,,,,,,
854,Hihifo,TO,,,,,,,
855,Bella Union,UY,,,,,,,
856,Tuatapere,NZ,,,,,,,
857,Ambon,ID,,,,,,,
858,Warangal,IN,,,,,,,
859,Tricase,IT,,,,,,,
860,Hailar,CN,,,,,,,
861,Harper,LR,,,,,,,
862,Pafos,CY,,,,,,,
863,Galgani,SD,,,,,,,
864,Rennes,FR,,,,,,,
865,Ouallam,NE,,,,,,,
866,Dzitbalche,MX,,,,,,,
867,Privolnyy,RU,,,,,,,
868,Arlit,NE,,,,,,,
869,Corby,GB,,,,,,,
870,Monte Azul,BR,,,,,,,
871,Synya,RU,,,,,,,
872,Fevralsk,RU,,,,,,,
873,Guasdualito,VE,,,,,,,
874,Hualmay,PE,,,,,,,
875,Sortland,NO,,,,,,,
876,Puli,TW,,,,,,,
877,Gorontalo,ID,,,,,,,
878,Songjianghe,CN,,,,,,,
879,Aksu,CN,,,,,,,
880,Sosenskiy,RU,,,,,,,
881,Maralal,KE,,,,,,,
882,Soe,ID,,,,,,,
883,Newry,GB,,,,,,,
884,Sydney Mines,CA,,,,,,,
885,Semnan,IR,,,,,,,
886,Buqayq,SA,,,,,,,
887,Novopokrovka,RU,,,,,,,
888,Siemiatycze,PL,,,,,,,
889,Sadon,RU,,,,,,,
890,Palamos,ES,,,,,,,
891,Thano Bula Khan,PK,,,,,,,
892,Hearst,CA,,,,,,,
893,Aksehir,TR,,,,,,,
894,Sistranda,NO,,,,,,,
895,Toora-Khem,RU,,,,,,,
896,Mattru,SL,,,,,,,
897,Majene,ID,,,,,,,
898,Lashio,MM,,,,,,,
899,Wattegama,LK,,,,,,,
900,Murdochville,CA,,,,,,,
901,Boueni,YT,,,,,,,
902,Wagar,SD,,,,,,,
903,North Platte,US,,,,,,,
904,Lake City,US,,,,,,,
905,Oranjemund,NA,,,,,,,
906,Krusevac,RS,,,,,,,
907,Simbahan,PH,,,,,,,
908,Mashhad,IR,,,,,,,
909,Ban Nahin,LA,,,,,,,
910,Barabinsk,RU,,,,,,,
911,Neiafu,TO,,,,,,,
912,Flin Flon,CA,,,,,,,
913,Nijar,ES,,,,,,,
914,Misratah,LY,,,,,,,
915,Egvekinot,RU,,,,,,,
916,Wapi Pathum,TH,,,,,,,
917,Kalmunai,LK,,,,,,,
918,Mana,GF,,,,,,,
919,Port Huron,US,,,,,,,
920,Palauig,PH,,,,,,,
921,Aasiaat,GL,,,,,,,
922,Marawi,SD,,,,,,,
923,Neftekamsk,RU,,,,,,,
924,Murgab,TM,,,,,,,
925,Tema,GH,,,,,,,
926,Jiangkou,CN,,,,,,,
927,Hay River,CA,,,,,,,
928,Kodinsk,RU,,,,,,,
929,Shitanjing,CN,,,,,,,
930,Calabozo,VE,,,,,,,
931,Bud,NO,,,,,,,
932,Batticaloa,LK,,,,,,,
933,Vorotynets,RU,,,,,,,
934,Dabat,ET,,,,,,,
935,Sibirskiy,RU,,,,,,,
936,Pangai,TO,,,,,,,
937,Aneho,TG,,,,,,,
938,Vitimskiy,RU,,,,,,,
939,Bhadrachalam,IN,,,,,,,
940,Uwayl,SD,,,,,,,
941,Tekeli,KZ,,,,,,,
942,Okato,NZ,,,,,,,
943,Tautira,PF,,,,,,,
944,Oistins,BB,,,,,,,
945,Hopkins,US,,,,,,,
946,Baijiantan,CN,,,,,,,
947,Elat,IL,,,,,,,
948,Fresnillo,MX,,,,,,,
949,Marcona,PE,,,,,,,
950,Cortes,PH,,,,,,,
951,Moussoro,TD,,,,,,,
952,Washougal,US,,,,,,,
953,Vytegra,RU,,,,,,,
954,Soyo,AO,,,,,,,
955,Troitsko-Pechorsk,RU,,,,,,,
956,Kuito,AO,,,,,,,
957,Nizhnekamsk,RU,,,,,,,
958,Colares,PT,,,,,,,
959,Huarmey,PE,,,,,,,
960,Kupino,RU,,,,,,,
961,Bonita Springs,US,,,,,,,
962,Perth,AU,,,,,,,
963,Champerico,GT,,,,,,,
964,Yellandu,IN,,,,,,,
965,Bilaspur,IN,,,,,,,
966,Sabalgarh,IN,,,,,,,
967,Gobo,JP,,,,,,,
968,Sovetskiy,RU,,,,,,,
969,Sarangani,PH,,,,,,,
970,Ippy,CF,,,,,,,
971,Matamoros,MX,,,,,,,
972,Ixtapa,MX,,,,,,,
973,Port Moresby,PG,,,,,,,
974,Pasighat,IN,,,,,,,
975,Manavgat,TR,,,,,,,
976,Krasnyy Yar,RU,,,,,,,
977,Vila Franca Do Campo,PT,,,,,,,
978,Dibulla,CO,,,,,,,
979,Dawlatabad,AF,,,,,,,
980,Cooma,AU,,,,,,,
981,Abu Dhabi,AE,,,,,,,
982,Gamboma,CG,,,,,,,
983,Salamiyah,SY,,,,,,,
984,Goslar,DE,,,,,,,
985,Aqtobe,KZ,,,,,,,
986,Barras,BR,,,,,,,
987,Komsomolskiy,RU,,,,,,,
988,Enid,US,,,,,,,
989,Zavetnoye,RU,,,,,,,
990,Rapid Valley,US,,,,,,,
991,Acari,PE,,,,,,,
992,Nalut,LY,,,,,,,
993,Qasigiannguit,GL,,,,,,,
994,Mahanje,TZ,,,,,,,
995,Novoagansk,RU,,,,,,,
996,Uruzgan,AF,,,,,,,
997,Ler,SD,,,,,,,
998,Springdale,CA,,,,,,,
999,Candawaga,PH,,,,,,,
1000,Agadir,MA,,,,,,,
1001,Moffat,GB,,,,,,,
1002,Limulunga,ZM,,,,,,,
1003,Kenora,CA,,,,,,,
1004,Beyneu,KZ,,,,,,,
1005,Aykhal,RU,,,,,,,
1006,Kopayhorod,UA,,,,,,,
1007,Tocantinopolis,BR,,,,,,,
1008,Karczew,PL,,,,,,,
1009,Santo Amaro Da Imperatriz,BR,,,,,,,
1010,Jining,CN,,,,,,,
1011,Mitsamiouli,KM,,,,,,,
1012,Takapau,NZ,,,,,,,
1013,Yithion,GR,,,,,,,
1014,Antalaha,MG,,,,,,,
1015,Louisbourg,CA,,,,,,,
1016,Edson,CA,,,,,,,
1017,Imperia,IT,,,,,,,
1018,Chernyshevskiy,RU,,,,,,,
1019,Adrar,DZ,,,,,,,
1020,Katherine,AU,,,,,,,
1021,Dubbo,AU,,,,,,,
1022,Curuca,BR,,,,,,,
1023,Morros,BR,,,,,,,
1024,Disna,BY,,,,,,,
1025,Broome,AU,,,,,,,
1026,Ulcinj,ME,,,,,,,
1027,Longlac,CA,,,,,,,
1028,Mashpee,US,,,,,,,
1029,Mumford,GH,,,,,,,
1030,Saint Anthony,CA,,,,,,,
1031,Shagonar,RU,,,,,,,
1032,Serik,TR,,,,,,,
1033,Mabaruma,GY,,,,,,,
1034,Bay Roberts,CA,,,,,,,
1035,Katobu,ID,,,,,,,
1036,Novaya Lyada,RU,,,,,,,
1037,Corrales,PE,,,,,,,
1038,Barao De Melgaco,BR,,,,,,,
1039,Arman,RU,,,,,,,
1040,Araouane,ML,,,,,,,
1041,Luoyang,CN,,,,,,,
1042,Fort-Shevchenko,KZ,,,,,,,
1043,Lewiston,US,,,,,,,
1044,Raychikhinsk,RU,,,,,,,
1045,Dawson Creek,CA,,,,,,,
1046,Pingliang,CN,,,,,,,
1047,Ulaanbaatar,MN,,,,,,,
1048,Miri,MY,,,,,,,
1049,Solnechnyy,RU,,,,,,,
1050,Nguru,NG,,,,,,,
1051,Sorland,NO,,,,,,,
1052,Elizabethtown,US,,,,,,,
1053,Conceicao Da Barra,BR,,,,,,,
1054,Reutte,AT,,,,,,,
1055,Burns Lake,CA,,,,,,,
1056,Aripuana,BR,,,,,,,
1057,Linguere,SN,,,,,,,
1058,Yaan,CN,,,,,,,
1059,Sisimiut,GL,,,,,,,
1060,Bogorodskoye,RU,,,,,,,
1061,Gobabis,NA,,,,,,,
1062,Port Augusta,AU,,,,,,,
1063,Njombe,TZ,,,,,,,
1064,Nipawin,CA,,,,,,,
1065,Guangyuan,CN,,,,,,,
1066,Kaa-Khem,RU,,,,,,,
1067,Miyako,JP,,,,,,,
1068,Muzhi,RU,,,,,,,
1069,Pilar,PH,,,,,,,
1070,Metro,ID,,,,,,,
1071,Camacha,PT,,,,,,,
1072,Evensk,RU,,,,,,,
1073,Slave Lake,CA,,,,,,,
1074,Nizhniy Mamon,RU,,,,,,,
1075,Gazi,KE,,,,,,,
1076,Bussigny,CH,,,,,,,
1077,Umri,IN,,,,,,,
1078,Meadow Lake,CA,,,,,,,
1079,Jonesboro,US,,,,,,,
1080,Yamoto,JP,,,,,,,
1081,Kanniyakumari,IN,,,,,,,
1082,Tinos,GR,,,,,,,
1083,Storforshei,NO,,,,,,,
1084,El Alto,PE,,,,,,,
1085,Susangerd,IR,,,,,,,
1086,Urusha,RU,,,,,,,
1087,Kanigiri,IN,,,,,,,
1088,Santa Cruz,CR,,,,,,,
1089,Monchegorsk,RU,,,,,,,
1090,Chulman,RU,,,,,,,
1091,Richards Bay,ZA,,,,,,,
1092,Bintulu,MY,,,,,,,
1093,Teknaf,BD,,,,,,,
1094,Tongzi,CN,,,,,,,
1095,Olecko,PL,,,,,,,
1096,Nakonde,ZM,,,,,,,
1097,Tha Maka,TH,,,,,,,
1098,Ossora,RU,,,,,,,
1099,Jaque,PA,,,,,,,
1100,Gornyatskiy,RU,,,,,,,
1101,Kuryk,KZ,,,,,,,
1102,Nagyhegyes,HU,,,,,,,
1103,Muisne,EC,,,,,,,
1104,Tabuk,PH,,,,,,,
1105,Latung,PH,,,,,,,
1106,Waddan,LY,,,,,,,
1107,Pangody,RU,,,,,,,
1108,Honningsvag,NO,,,,,,,
1109,Bilma,NE,,,,,,,
1110,Cazones,MX,,,,,,,
1111,Carhuaz,PE,,,,,,,
1112,Zeya,RU,,,,,,,
1113,Jiuquan,CN,,,,,,,
1114,Bria,CF,,,,,,,
1115,Sambava,MG,,,,,,,
1116,Carlton,GB,,,,,,,
1117,Liman,RU,,,,,,,
1118,Jinchang,CN,,,,,,,
1119,Fare,PF,,,,,,,
1120,Gat,LY,,,,,,,
1121,Ilmajoki,FI,,,,,,,
1122,Seydi,TM,,,,,,,
1123,Mokokchung,IN,,,,,,,
1124,Zhangjiakou,CN,,,,,,,
1125,Villanueva De La Serena,ES,,,,,,,
1126,Zabol,IR,,,,,,,
1127,Thunder Bay,CA,,,,,,,
1128,Bakel,SN,,,,,,,
1129,Non Sung,TH,,,,,,,
1130,Coolum Beach,AU,,,,,,,
1131,Tandalti,SD,,,,,,,
1132,Saint-Louis,SN,,,,,,,
1133,Mujiayingzi,CN,,,,,,,
1134,Megion,RU,,,,,,,
1135,Praia Da Vitoria,PT,,,,,,,
1136,Enniscorthy,IE,,,,,,,
1137,Shakawe,BW,,,,,,,
1138,Kibiti,TZ,,,,,,,
1139,Berasia,IN,,,,,,,
1140,Bolobo,CD,,,,,,,
1141,Boralday,KZ,,,,,,,
1142,Coroneo,MX,,,,,,,
1143,Yoichi,JP,,,,,,,
1144,Krasnoturansk,RU,,,,,,,
1145,Mandera,KE,,,,,,,
1146,Cordoba,AR,,,,,,,
1147,Kazalinsk,KZ,,,,,,,
1148,Springfield,US,,,,,,,
1149,Tambopata,PE,,,,,,,
1150,Isiro,CD,,,,,,,
1151,Zhumadian,CN,,,,,,,
1152,Gao,ML,,,,,,,
1153,Brae,GB,,,,,,,
1154,Vargashi,RU,,,,,,,
1155,Lampazos De Naranjo,MX,,,,,,,
1156,Sharjah,AE,,,,,,,
1157,Kabanjahe,ID,,,,,,,
1158,Loa Janan,ID,,,,,,,
1159,Urumqi,CN,,,,,,,
1160,Puerto Carreno,CO,,,,,,,
1161,Chara,RU,,,,,,,
1162,Autazes,BR,,,,,,,
1163,Paraiso,MX,,,,,,,
1164,Iracoubo,GF,,,,,,,
1165,Bilecik,TR,,,,,,,
1166,Tuy Hoa,VN,,,,,,,
1167,Yeppoon,AU,,,,,,,
1168,Wilmington,US,,,,,,,
1169,Longyan,CN,,,,,,,
1170,Ibra,OM,,,,,,,
1171,Ciudad Del Maiz,MX,,,,,,,
1172,Christchurch,NZ,,,,,,,
1173,Yuxia,CN,,,,,,,
1174,Loyga,RU,,,,,,,
1175,Sao Raimundo Nonato,BR,,,,,,,
1176,Deder,ET,,,,,,,
1177,Grado,IT,,,,,,,
1178,Yeniseysk,RU,,,,,,,
1179,Port Said,EG,,,,,,,
1180,Bandar,ID,,,,,,,
1181,Kloulklubed,PW,,,,,,,
1182,Tanout,NE,,,,,,,
1183,Adre,TD,,,,,,,
1184,Montrose,US,,,,,,,
1185,Salmas,IR,,,,,,,
1186,Mill Valley,US,,,,,,,
1187,Karistos,GR,,,,,,,
1188,Omboue,GA,,,,,,,
1189,Mayo,CA,,,,,,,
1190,Lisala,CD,,,,,,,
1191,Luena,AO,,,,,,,
1192,Bichura,RU,,,,,,,
1193,Quebo,GW,,,,,,,
1194,Zonguldak,TR,,,,,,,
1195,Ronneby,SE,,,,,,,
1196,Tidore,ID,,,,,,,
1197,Lovozero,RU,,,,,,,
1198,Madisonville,US,,,,,,,
1199,Abalak,NE,,,,,,,
1200,Zachagansk,KZ,,,,,,,
1201,Sassandra,CI,,,,,,,
1202,Rongcheng,CN,,,,,,,
1203,Kachikau,BW,,,,,,,
1204,Coquimbo,CL,,,,,,,
1205,Klyuchi,RU,,,,,,,
1206,Auki,SB,,,,,,,
1207,Pangkalanbuun,ID,,,,,,,
1208,Buin,PG,,,,,,,
1209,Saint-Leu,RE,,,,,,,
1210,Barroualie,VC,,,,,,,
1211,Neutraubling,DE,,,,,,,
1212,Teya,RU,,,,,,,
1213,Qui Nhon,VN,,,,,,,
1214,Tombouctou,ML,,,,,,,
1215,Hulan,CN,,,,,,,
1216,Chulym,RU,,,,,,,
1217,Tignere,CM,,,,,,,
1218,Selenginsk,RU,,,,,,,
1219,Kaka,TM,,,,,,,
1220,Ullapool,GB,,,,,,,
1221,Beira,MZ,,,,,,,
1222,Youghal,IE,,,,,,,
1223,Ixtacomitan,MX,,,,,,,
1224,Dolores,AR,,,,,,,
1225,Mastic Beach,US,,,,,,,
1226,Glendive,US,,,,,,,
1227,Rivera,UY,,,,,,,
1228,Matagami,CA,,,,,,,
1229,Camargo,BO,,,,,,,
1230,Almaznyy,RU,,,,,,,
1231,Caiaponia,BR,,,,,,,
1232,Calama,CL,,,,,,,
1233,Pinar Del Rio,CU,,,,,,,
1234,Ballyhaunis,IE,,,,,,,
1235,Pallasovka,RU,,,,,,,
1236,Kattivakkam,IN,,,,,,,
1237,Makat,KZ,,,,,,,
1238,Zhezkazgan,KZ,,,,,,,
1239,Bodrum,TR,,,,,,,
1240,Jacareacanga,BR,,,,,,,
1241,Vestmanna,FO,,,,,,,
1242,Seymchan,RU,,,,,,,
1243,Bolshoye Sorokino,RU,,,,,,,
1244,Oktyabrskiy,RU,,,,,,,
1245,Formoso Do Araguaia,BR,,,,,,,
1246,Progreso,UY,,,,,,,
1247,Kotdwara,IN,,,,,,,
1248,Islamkot,PK,,,,,,,
1249,Babstovo,RU,,,,,,,
1250,Suzun,RU,,,,,,,
1251,Wanning,CN,,,,,,,
1252,Valdemarpils,LV,,,,,,,
1253,Caico,BR,,,,,,,
1254,Peterhead,GB,,,,,,,
1255,Iskateley,RU,,,,,,,
1256,Yichang,CN,,,,,,,
1257,Mnogovershinnyy,RU,,,,,,,
1258,Dera Din Panah,PK,,,,,,,
1259,Wanaka,NZ,,,,,,,
1260,Tecoanapa,MX,,,,,,,
1261,Aljezur,PT,,,,,,,
1262,Manono,CD,,,,,,,
1263,Cairns,AU,,,,,,,
1264,Sao Caetano De Odivelas,BR,,,,,,,
1265,Karauzyak,UZ,,,,,,,
1266,Tacuarembo,UY,,,,,,,
1267,Dataganj,IN,,,,,,,
1268,Abhar,IR,,,,,,,
1269,Wolmaranstad,ZA,,,,,,,
1270,Marsabit,KE,,,,,,,
1271,Rockford,US,,,,,,,
1272,Gangotri,IN,,,,,,,
1273,Matsanga,CG,,,,,,,
1274,Henzada,MM,,,,,,,
1275,Tikrit,IQ,,,,,,,
1276,Marzuq,LY,,,,,,,
1277,Nantucket,US,,,,,,,
1278,Lindi,TZ,,,,,,,
1279,Kandrian,PG,,,,,,,
1280,Skelleftea,SE,,,,,,,
1281,Chacabuco,AR,,,,,,,
1282,Yarmouth,CA,,,,,,,
1283,Cerrito,PY,,,,,,,
1284,Florianopolis,BR,,,,,,,
1285,Tawzar,TN,,,,,,,
1286,Requena,PE,,,,,,,
1287,Zyryanka,RU,,,,,,,
1288,Jumla,NP,,,,,,,
1289,Riyadh,SA,,,,,,,
1290,Fomboni,KM,,,,,,,
1291,Ambunti,PG,,,,,,,
1292,Pundaguitan,PH,,,,,,,
1293,Ipixuna,BR,,,,,,,
1294,Amarante Do Maranhao,BR,,,,,,,
1295,Bulancak,TR,,,,,,,
1296,Alakurtti,RU,,,,,,,
1297,Prince Albert,CA,,,,,,,
1298,Chumikan,RU,,,,,,,
1299,Kouloura,GR,,,,,,,
1300,Canita,PA,,,,,,,
1301,Dodoma,TZ,,,,,,,
1302,Goure,NE,,,,,,,
1303,Puerto Del Rosario,ES,,,,,,,
1304,Marystown,CA,,,,,,,
1305,Mithimna,GR,,,,,,,
1306,Bazarnyy Karabulak,RU,,,,,,,
1307,Jahrom,IR,,,,,,,
1308,Quang Ngai,VN,,,,,,,
1309,Ishim,RU,,,,,,,
1310,Bashmakovo,RU,,,,,,,
1311,Arinos,BR,,,,,,,
1312,Marathon,US,,,,,,,
1313,Bhojudih,IN,,,,,,,
1314,Voh,NC,,,,,,,
1315,Deer Lake,CA,,,,,,,
1316,Burg,DE,,,,,,,
1317,Poronaysk,RU,,,,,,,
1318,Gamba,GA,,,,,,,
1319,Biu,NG,,,,,,,
1320,Pak Phanang,TH,,,,,,,
1321,Daye,CN,,,,,,,
1322,Moa,CU,,,,,,,
1323,Tigzirt,DZ,,,,,,,
1324,Wawa,CA,,,,,,,
1325,Mizan Teferi,ET,,,,,,,
1326,Floresta,BR,,,,,,,
1327,Kitgum,UG,,,,,,,
1328,Roma,AU,,,,,,,
1329,Rio Casca,BR,,,,,,,
1330,Inta,RU,,,,,,,
1331,Strani,CZ,,,,,,,
1332,Caxito,AO,,,,,,,
1333,Taburbah,TN,,,,,,,
1334,Hervey Bay,AU,,,,,,,
1335,Punta Alta,AR,,,,,,,
1336,Santiago,PH,,,,,,,
1337,Ijaki,KI,,,,,,,
1338,Kaz,RU,,,,,,,
1339,Gillette,US,,,,,,,
1340,Hattiesburg,US,,,,,,,
1341,Karpushikha,RU,,,,,,,
1342,Eenhana,NA,,,,,,,
1343,Cuajinicuilapa,MX,,,,,,,
1344,Mercedes,AR,,,,,,,
1345,Front Royal,US,,,,,,,
1346,Ailigandi,PA,,,,,,,
1347,Norsup,VU,,,,,,,
1348,Krasnyy Oktyabr,RU,,,,,,,
1349,Traiguen,CL,,,,,,,
1350,Maarianhamina,FI,,,,,,,
1351,Roros,NO,,,,,,,
1352,Taldan,RU,,,,,,,
1353,Pyaozerskiy,RU,,,,,,,
1354,Dali,CN,,,,,,,
1355,Sao Felix Do Xingu,BR,,,,,,,
1356,Puerto Penasco,MX,,,,,,,
1357,Litovko,RU,,,,,,,
1358,Aranos,NA,,,,,,,
1359,Iki-Burul,RU,,,,,,,
1360,Susurluk,TR,,,,,,,
1361,Kyabe,TD,,,,,,,
1362,Borisoglebsk,RU,,,,,,,
1363,Kilinochchi,LK,,,,,,,
1364,Sheridan,US,,,,,,,
1365,Kajaani,FI,,,,,,,
1366,Presidente Medici,BR,,,,,,,
1367,Banjar,ID,,,,,,,
1368,Raudeberg,NO,,,,,,,
1369,Candiis,PH,,,,,,,
1370,Voyvozh,RU,,,,,,,
1371,Manicore,BR,,,,,,,
1372,Penzance,GB,,,,,,,
1373,Barcelos,BR,,,,,,,
1374,Pitanga,BR,,,,,,,
1375,Acurenam,GQ,,,,,,,
1376,Qinhuangdao,CN,,,,,,,
1377,Sun City West,US,,,,,,,
1378,Mossendjo,CG,,,,,,,
1379,Upata,VE,,,,,,,
1380,Abu Zabad,SD,,,,,,,
1381,Suamico,US,,,,,,,
1382,Douglas,US,,,,,,,
1383,Havoysund,NO,,,,,,,
1384,Hobbs,US,,,,,,,
1385,Basco,PH,,,,,,,
1386,Maldonado,UY,,,,,,,
1387,Ensley,US,,,,,,,
1388,Sibenik,HR,,,,,,,
1389,Monteagudo,BO,,,,,,,
1390,Zambezi,ZM,,,,,,,
1391,Gaspar,BR,,,,,,,
1392,Olga,RU,,,,,,,
1393,Porbandar,IN,,,,,,,
1394,Benjamin Constant,BR,,,,,,,
1395,Campbell River,CA,,,,,,,
1396,Wainwright,CA,,,,,,,
1397,Syracuse,IT,,,,,,,
1398,Juneau,US,,,,,,,
1399,Cozumel,MX,,,,,,,
1400,Balykshi,KZ,,,,,,,
